{"bucket":{"_id":"5f00bd777c62a200080e8faf","slug":"hugobollonme","title":"hugobollon.me","object_types":[{"title":"portfolio-contents","slug":"portfolio-contents","singular":"portfolio-content","metafields":[],"options":{"slug_field":1,"content_editor":1},"preview_link":"","priority_locale":null,"extensions":null,"order":2}],"objects":[{"_id":"5f011c5b90e9e00007825ea8","order":5,"slug":"experiences","title":"experiences","content":"","metafields":[{"children":null,"type":"text","title":"description","key":"description","id":"rab2gb3ikerouxtvpewn","value":"Professional and academic"},{"children":null,"type":"text","title":"title","key":"title","id":"drnw6zxqjxpxagtmntqc","value":"Experience"},{"children":null,"type":"json","title":"professional","key":"professional","id":"FtSwl0XI9C","value":[{"year":"01.2020 - 05.2020","title":"Urbalog LAET Project","content":"Digitizing the Urbalog board game on Android with the Nearby Connection API"},{"year":"07.2019","title":"Pfeiffer Vacuum SAS, Annecy","content":"Interim IT mission: implementation of a new Qlickview access management program + Laravel development"},{"year":"07.2018","title":"Pfeiffer Vacuum SAS, Annecy","content":"Interim IT mission: Management of SAP tables and inventory of sub-programs."}],"required":true},{"children":null,"type":"json","title":"academic","key":"academic","id":"b2a969sy7g","value":[{"year":"From September 2020","title":"Computer Science Master at USMB","content":"Specialized in artificial intelligence and collaborative systems"},{"year":"2017 - 2020","title":"IT License","content":"University Savoie Mont-Blanc, France"},{"year":"2013 - 2017","title":"Scientific Baccalaureate","content":"Lycée de l'Albanais at Rumilly, France"}],"required":true}],"bucket":"5f00bd777c62a200080e8faf","type_slug":"portfolio-contents","created_at":"2020-07-05T00:18:35.583Z","created_by":"5f00bd137c62a200080e8fae","modified_at":"2020-07-05T17:32:57.155Z","created":"2020-07-05T00:18:35.583Z","user_id":"5f00bd137c62a200080e8fae","options":{"content_editor":1,"slug_field":1},"status":"published","published_at":"2020-07-05T17:32:57.155Z","modified_by":"5f00bd137c62a200080e8fae","publish_at":null,"unpublish_at":null},{"_id":"5f01fd8350006f00083229f5","order":4,"slug":"description","title":"description","content":"","metafields":[{"children":null,"type":"text","title":"pres_second","key":"pres_second","id":"Igv3UdzOfX","value":"I always liked to get into projects using the skills that I did not have or were even spare pure programming like web design, 3D modeling ect...  This allowed me to learn to be autonomous and to learn on my own, certainly not without difficulties far from it, but I always managed to overcome the obstacles and solve the problems I encountered !"},{"children":null,"type":"text","title":"pres_first","key":"pres_first","id":"d6tIa0Bibt","value":"I'm a Full-Stack Developer student. Actually, I have a Licence BAC+3 in IT and I just started a computer science Master specialized in artificial intelligence and collaborative systems. IT is not only my professional background. It is also and above all a passion that has grown since I was 16 years old."},{"children":null,"type":"text","title":"pres_title","key":"pres_title","id":"IqVCE1U7Qb","value":"Who am I ?"},{"children":null,"type":"text","title":"description","key":"description","id":"68UNnxOFq7","value":"Hope to know you after"},{"children":null,"type":"text","title":"title","key":"title","id":"OhyFWRR6Xn","value":"About Me"}],"bucket":"5f00bd777c62a200080e8faf","type_slug":"portfolio-contents","created_at":"2020-07-05T16:19:15.848Z","created_by":"5f00bd137c62a200080e8fae","modified_at":"2020-11-06T14:31:39.945Z","created":"2020-07-05T16:19:15.848Z","user_id":"5f00bd137c62a200080e8fae","options":{"content_editor":1,"slug_field":1},"status":"published","published_at":"2020-11-06T14:31:39.945Z","modified_by":"5f00bd137c62a200080e8fae","publish_at":null,"unpublish_at":null},{"_id":"5f01fee250006f00083229f7","order":3,"slug":"user-data","title":"user-data","content":"","metafields":[{"children":null,"type":"text","title":"name","key":"name","id":"OEkbevb9ch","value":"Hugo Bollon"},{"children":null,"type":"text","title":"status","key":"status","id":"NX8v723S0G","value":"Full-Stack Developer"},{"children":null,"type":"text","title":"email","key":"email","id":"2VhiCIosBh","value":"hugo.bollon@gmail.com"},{"children":null,"type":"text","title":"phone","key":"phone","id":"zSqJFpvOeE","value":"+33 6 51 99 80 78"},{"children":null,"type":"text","title":"city","key":"city","id":"eePnSPzpxY","value":"Chambéry, France"},{"children":null,"type":"text","title":"lang","key":"lang","id":"jh95I8Z7VB","value":"French, English"},{"children":null,"type":"text","title":"photo","key":"photo","id":"D4LfrSKbrc","value":"photo.jpg"}],"bucket":"5f00bd777c62a200080e8faf","type_slug":"portfolio-contents","created_at":"2020-07-05T16:25:06.834Z","created_by":"5f00bd137c62a200080e8fae","modified_at":"2020-07-05T20:33:36.208Z","created":"2020-07-05T16:25:06.834Z","user_id":"5f00bd137c62a200080e8fae","options":{"content_editor":1,"slug_field":1},"status":"published","published_at":"2020-07-05T20:33:36.208Z","modified_by":"5f00bd137c62a200080e8fae","publish_at":null,"unpublish_at":null},{"_id":"5f0204d6ea1bf90007ad680f","order":2,"slug":"links","title":"links","content":"","metafields":[{"children":null,"type":"text","title":"facebook","key":"facebook","id":"gLDrzR50ta","value":"https://www.facebook.com/hugo.bollon"},{"children":null,"type":"text","title":"instagram","key":"instagram","id":"KMi8FlOyrI","value":"https://www.instagram.com/_hbollon"},{"children":null,"type":"text","title":"linkedin","key":"linkedin","id":"qVc8Mh2S5A","value":"https://www.linkedin.com/in/hugobollon"},{"children":null,"type":"text","title":"github","key":"github","id":"NPDNo7uSc9","value":"https://github.com/hbollon"}],"bucket":"5f00bd777c62a200080e8faf","type_slug":"portfolio-contents","created_at":"2020-07-05T16:50:30.087Z","created_by":"5f00bd137c62a200080e8fae","modified_at":"2020-11-06T14:30:59.357Z","created":"2020-07-05T16:50:30.087Z","user_id":"5f00bd137c62a200080e8fae","options":{"content_editor":1,"slug_field":1},"status":"published","published_at":"2020-11-06T14:30:59.357Z","modified_by":"5f00bd137c62a200080e8fae","publish_at":null,"unpublish_at":null},{"_id":"5f02127c1b1b930007b5896c","order":1,"slug":"skills","title":"skills","content":"","metafields":[{"children":null,"type":"json","title":"items","key":"items","id":"IEBchE5swc","value":[{"title":"C","img":"C.png"},{"title":"C++","img":"cplusplus.png"},{"title":"C#","img":"Csharp.png"},{"title":"Java","img":"java.png"},{"title":"Unity","img":"unity.png"},{"title":"HTML","img":"html.png"},{"title":"CSS","img":"css.png"},{"title":"PHP","img":"php.png"},{"title":"Laravel","img":"laravel.png"},{"title":"VueJS","img":"vuejs.png"},{"title":"Android","img":"android.png"},{"title":"Linux","img":"linux.png"},{"title":"Git/Github","img":"Octocat.png"},{"title":"Go","img":"go.png"},{"title":"VPS/Web Hosting","img":"ovh.png"}]},{"children":null,"type":"text","title":"title","key":"title","id":"YtRf42YCsn","value":"Skills"},{"children":null,"type":"text","title":"description","key":"description","id":"QTsdJU1QcF","value":"Here is my armament"}],"bucket":"5f00bd777c62a200080e8faf","type_slug":"portfolio-contents","created_at":"2020-07-05T17:48:44.602Z","created_by":"5f00bd137c62a200080e8fae","modified_at":"2020-11-06T13:55:46.187Z","created":"2020-07-05T17:48:44.602Z","user_id":"5f00bd137c62a200080e8fae","options":{"content_editor":1,"slug_field":1},"status":"published","published_at":"2020-11-06T13:55:46.187Z","modified_by":"5f00bd137c62a200080e8fae","publish_at":null,"unpublish_at":null},{"_id":"5f023635b7e93b000741a246","order":0,"slug":"projects","title":"projects","content":"","metafields":[{"children":null,"type":"json","title":"items","key":"items","id":"nPhh7RXJaN","value":[{"title":"IG_Automation_Bot (Work in progress)","content":"Python script for Instagram automation using Instaloader. Used for auto following and DM. Easily configurable through Yaml config files!<br><br>Link : <a href='https://github.com/hbollon/IG_Automation_Bot'>https://github.com/hbollon/IG_Automation_Bot</a>","link":"https://github.com/hbollon/IG_Automation_Bot","image":"ig.gif","tag":"Software","color":"red","date":"2020-11-02"},{"title":"Go-edlib","content":"Golang string comparison and edit distance algorithms library, featuring : Levenshtein, LCS, Hamming, Damerau levenshtein (OSA and Adjacent transpositions algorithms), Jaro-Winkler, Cosine, etc.<br><br>Link : <a href='https://github.com/hbollon/go-edlib'>https://github.com/hbollon/go-edlib</a>","link":"https://github.com/hbollon/go-edlib","image":"edlib.jpg","tag":"Library","color":"blue","date":"2020-08-25"},{"title":"Gyro'Ball","content":"3D labyrinth game project for Android using Unity. Use device gyroscope.<br><br>Link : <a href='https://play.google.com/store/apps/details?id=com.BitsPlease.GyroBall&hl=fr&fbclid=IwAR0itwUAcbpAl3TgkFGiSrQz_CHTRpWjSXTQZqNGPESikdOJWZ6DIrk5qAA'>Google Play</a>","link":"https://play.google.com/store/apps/details?id=com.BitsPlease.GyroBall&hl=fr&fbclid=IwAR0itwUAcbpAl3TgkFGiSrQz_CHTRpWjSXTQZqNGPESikdOJWZ6DIrk5qAA","image":"gyroball.jpg","tag":"Video Game","color":"purple","date":"2020-07-28"},{"title":"GyroscopeControl","content":"Unity script used for smooth and customizable object rotation with gyroscope. It include initial calibration with offset, rotation speed, smoothing parameter editable in Unity inspector and debug overlay.<br><br>Link : <a href='https://github.com/hbollon/GyroscopeControl'>https://github.com/hbollon/GyroscopeControl</a>","link":"https://github.com/hbollon/GyroscopeControl","image":"","tag":"Script","color":"green","date":"2020-06-17"},{"title":"Urbalog","content":"Android adaptation of board game using Nearby Connections API and Java for the LAET<br><br>Link : <a href='https://github.com/hbollon/Urbalog'>https://github.com/hbollon/Urbalog</a>","link":"https://github.com/hbollon/Urbalog","image":"urba.jpg","tag":"Video Game","color":"purple","date":"2020-05-19"},{"title":"android-sqlite-toolbox","content":"Android java package designed to manage any sqlite database. Includes creation of the db and interactions with it (CRUD), import and export in several file formats (easily adaptable to any other format) and synchronization in http.<br><br>Link : <a href='https://github.com/hbollon/android-sqlite-toolbox'>https://github.com/hbollon/android-sqlite-toolbox</a>","link":"https://github.com/hbollon/android-sqlite-toolbox","image":"","tag":"Library","color":"blue","date":"2020-05-08"},{"title":"Le-Parrainage-Boursorama","content":"Website built with Laravel. Used to promote and manage sponsorships for a online bank. Hosted on personnal vps.<br><br>Link : <a href='https://le-parrainage-boursorama.fr'>https://le-parrainage-boursorama.fr</a>","link":"https://le-parrainage-boursorama.fr","image":"boursoweb.jpg","tag":"Website","color":"orange","date":"2019-09-15"}]},{"children":null,"type":"text","title":"title","key":"title","id":"Di7UyvvoeZ","value":"My projects"},{"children":null,"type":"text","title":"description","key":"description","id":"Cc6brPtb2p","value":"This is my story"}],"bucket":"5f00bd777c62a200080e8faf","type_slug":"portfolio-contents","created_at":"2020-07-05T20:21:09.882Z","created_by":"5f00bd137c62a200080e8fae","modified_at":"2020-11-09T10:16:41.986Z","created":"2020-07-05T20:21:09.882Z","user_id":"5f00bd137c62a200080e8fae","options":{"content_editor":1,"slug_field":1},"status":"published","published_at":"2020-11-09T10:16:41.986Z","modified_by":"5f00bd137c62a200080e8fae","publish_at":null,"unpublish_at":null}],"media":[]}}